{
  "/wiki/Virginia_opossum": "Continental US and southern Canada, expanding northward from Maryland to Maine, Ontario, and British Columbia",
  "/wiki/Nine-banded_armadillo": "Southeastern US, expanding northward to the Midwest and Mid-Atlantic",
  "/wiki/North_American_porcupine": "Canada to northern Mexico, eastern North America to Alaska",
  "/wiki/Mountain_beaver": "Pacific Northwest and California mountains",
  "/wiki/American_beaver": "Continental US, Canada, southern Alaska, northern Mexico",
  "/wiki/Northern_flying_squirrel": "Canada and northern United States, from Alaska to Nova Scotia, south to the Appalachian Mountains",
  "/wiki/Humboldt's_flying_squirrel": "Pacific Coast (British Columbia to Southern California)",
  "/wiki/Southern_flying_squirrel": "Eastern North America, from southeastern Canada to Florida; disjunct populations in Mexican highlands",
  "/wiki/Abert's_squirrel": "Southwestern US and northern Mexico (Colorado, Utah, Arizona, New Mexico, extending to Chihuahua and Durango)",
  "/wiki/Arizona_gray_squirrel": "Eastern Arizona, northern Mexico",
  "/wiki/Eastern_gray_squirrel": "Eastern and Midwestern US, Southern Canada",
  "/wiki/Western_gray_squirrel": "Western coast of the United States and Mexico, from Washington to Baja California",
  "/wiki/Mexican_fox_squirrel": "Southeastern Arizona (Chiricahua Mountains)",
  "/wiki/Fox_squirrel": "Eastern US, Great Plains, southern Canadian provinces",
  "/wiki/Sciurus_niger_cinereus": "Eastern Shore of Maryland and Virginia, historically Delmarva Peninsula",
  "/wiki/Douglas_squirrel": "Pacific Northwest to central California",
  "/wiki/Southwestern_red_squirrel": "Southwestern US (Colorado, New Mexico, Arizona)",
  "/wiki/Mount_Graham_red_squirrel": "Arizona (Pinale\u00f1o Mountains)",
  "/wiki/American_red_squirrel": "Canada, Alaska, Rocky Mountains, Northern Eastern US",
  "/wiki/Harris's_antelope_squirrel": "Southwestern US (Arizona, New Mexico) and Sonora, Mexico",
  "/wiki/Texas_antelope_squirrel": "Western Texas, south-central New Mexico, and northern Mexico",
  "/wiki/White-tailed_antelope_squirrel": "Southwestern US (Oregon to New Mexico) and Baja California",
  "/wiki/San_Joaquin_antelope_squirrel": "San Joaquin Valley, California",
  "/wiki/Gunnison's_prairie_dog": "Four Corners region (Arizona, New Mexico, Utah, Colorado)",
  "/wiki/White-tailed_prairie_dog": "Western Wyoming, western Colorado, eastern Utah, southern Montana",
  "/wiki/Black-tailed_prairie_dog": "Great Plains, US-Canada border to US-Mexico border",
  "/wiki/Utah_prairie_dog": "South-central Utah",
  "/wiki/Alaska_marmot": "Brooks Range and northern Alaska",
  "/wiki/Hoary_marmot": "Northwestern North America, Alaska to Washington/Idaho",
  "/wiki/Yellow-bellied_marmot": "Rocky Mountains, Sierra Nevada, Great Basin; southwestern Canada to northern New Mexico",
  "/wiki/Groundhog": "Eastern United States, Canada, Alaska",
  "/wiki/Olympic_marmot": "Olympic Peninsula, Washington",
  "/wiki/California_ground_squirrel": "Western US (Oregon, California, Washington, northwestern Nevada) and Baja California Peninsula",
  "/wiki/Rock_squirrel": "Southwestern US and Mexico (Nevada, Utah, Colorado, Arizona, New Mexico, West Texas, Oklahoma panhandle)",
  "/wiki/Golden-mantled_ground_squirrel": "Rocky Mountains and western North America",
  "/wiki/Cascade_golden-mantled_ground_squirrel": "Cascade Mountains of Washington and British Columbia",
  "/wiki/Mohave_ground_squirrel": "Mojave Desert, California",
  "/wiki/Spotted_ground_squirrel": "Central and western US (South Dakota to Texas), Mexico",
  "/wiki/Round-tailed_ground_squirrel": "Southwestern US and Northwestern Mexico",
  "/wiki/Franklin's_ground_squirrel": "Northern Great Plains and Midwest (Alberta to Indiana)",
  "/wiki/Mexican_ground_squirrel": "Northern Mexico, Texas, Southeastern New Mexico",
  "/wiki/Rio_Grande_ground_squirrel": "Southwestern US (Texas and New Mexico), northeastern Mexico",
  "/wiki/Thirteen-lined_ground_squirrel": "Central and northern North America grasslands and prairies",
  "/wiki/Uinta_ground_squirrel": "Northern and central Utah, eastern Idaho, southwestern Montana, and western Wyoming",
  "/wiki/Belding's_ground_squirrel": "Northwestern US (Oregon, Washington, California, Idaho, Nevada, Utah)",
  "/wiki/Northern_Idaho_ground_squirrel": "Western-central Idaho (Adams and Valley Counties)",
  "/wiki/Southern_Idaho_ground_squirrel": "Southwestern Idaho",
  "/wiki/Columbian_ground_squirrel": "Rocky Mountains and high plains from Alberta and British Columbia south through Montana, Idaho, Washington, and Oregon",
  "/wiki/Wyoming_ground_squirrel": "Northwestern United States",
  "/wiki/Arctic_ground_squirrel": "Arctic Alaska, Northern Canada, Siberia",
  "/wiki/Richardson's_ground_squirrel": "Northern US (North Dakota, Montana) and western Canada (Alberta, Saskatchewan)",
  "/wiki/Townsend's_ground_squirrel": "Great Basin and Columbia Plateau (Washington, Oregon, Idaho, Utah, Nevada, California)",
  "/wiki/Merriam's_ground_squirrel": "Western US (Oregon, Idaho, Nevada)",
  "/wiki/Piute_ground_squirrel": "Great Basin region of western US (California, Idaho, Nevada, Oregon, Utah, Washington)",
  "/wiki/Washington_ground_squirrel": "Pacific Northwest (Washington and Oregon)",
  "/wiki/Alpine_chipmunk": "High Sierra Nevada, California",
  "/wiki/Yellow-pine_chipmunk": "Western North America, parts of Canada and the United States",
  "/wiki/Gray-footed_chipmunk": "Southwestern US (New Mexico, West Texas)",
  "/wiki/Gray-collared_chipmunk": "Arizona and New Mexico",
  "/wiki/Cliff_chipmunk": "Western US (Arizona to Colorado) and Mexico",
  "/wiki/Merriam's_chipmunk": "Central and southern California, northern Baja California",
  "/wiki/Least_chipmunk": "Western North America from New Mexico to Canada, including Michigan and Wisconsin",
  "/wiki/Coulee_chipmunk": "Central Washington (Channeled Scablands)",
  "/wiki/California_chipmunk": "Southern California and Baja California",
  "/wiki/Yellow-cheeked_chipmunk": "Northern California coast",
  "/wiki/Palmer's_chipmunk": "Southern Nevada (Spring Mountains)",
  "/wiki/Panamint_chipmunk": "Southeast California and southwest Nevada",
  "/wiki/Long-eared_chipmunk": "Central and northern Sierra Nevada, California and Nevada",
  "/wiki/Colorado_chipmunk": "Colorado, Utah, Arizona, New Mexico",
  "/wiki/Red-tailed_chipmunk": "Pacific Northwest and Northern Rockies (British Columbia, Alberta, Washington, Idaho, Montana)",
  "/wiki/Hopi_chipmunk": "Southwestern US (Colorado, Utah, Arizona)",
  "/wiki/Allen's_chipmunk": "Western US (California, Oregon, Nevada)",
  "/wiki/Siskiyou_chipmunk": "Northern California and central Oregon",
  "/wiki/Sonoma_chipmunk": "Northwestern California (Sonoma and Marin counties)",
  "/wiki/Lodgepole_chipmunk": "California Sierra Nevada, Lake Tahoe area",
  "/wiki/Eastern_chipmunk": "Eastern North America and southern Canada",
  "/wiki/Townsend's_chipmunk": "Pacific Northwest (southwestern British Columbia through western Washington and Oregon)",
  "/wiki/Uinta_chipmunk": "Western United States (Utah, Arizona, Nevada, California, Wyoming, Colorado)",
  "/wiki/Desert_pocket_gopher": "Southwest US (Texas, New Mexico) and northern Mexico (Chihuahua)",
  "/wiki/Attwater's_pocket_gopher": "Texas Coastal Bend",
  "/wiki/Baird's_pocket_gopher": "Eastern Texas, Western Louisiana, Eastern Oklahoma, Southwestern Arkansas",
  "/wiki/Plains_pocket_gopher": "Great Plains (Manitoba to Texas)",
  "/wiki/Hall's_pocket_gopher": "Western US (Colorado, Kansas, Nebraska)",
  "/wiki/Sand_Hills_pocket_gopher": "Great Plains (Wyoming, Colorado, South Dakota, Nebraska)",
  "/wiki/Knox_Jones's_pocket_gopher": "Central western Texas and southeastern New Mexico",
  "/wiki/Texas_pocket_gopher": "Southern Texas and northeastern Mexico",
  "/wiki/Strecker's_pocket_gopher": "Texas",
  "/wiki/Southeastern_pocket_gopher": "Southeastern US (Alabama, Georgia, Florida)",
  "/wiki/Llano_pocket_gopher": "Central Texas",
  "/wiki/Yellow-faced_pocket_gopher": "Southwestern US and Northern Mexico",
  "/wiki/Botta's_pocket_gopher": "Western North America from California to Texas",
  "/wiki/Camas_pocket_gopher": "Willamette Valley, northwestern Oregon",
  "/wiki/Wyoming_pocket_gopher": "Southern Wyoming",
  "/wiki/Idaho_pocket_gopher": "Northwestern US (Idaho, Montana, Wyoming, Utah)",
  "/wiki/Mazama_pocket_gopher": "Pacific Northwest (Washington, Oregon, Northern California)",
  "/wiki/Mountain_pocket_gopher": "California and Nevada, particularly the Sierra Nevada",
  "/wiki/Northern_pocket_gopher": "Western US and Canadian provinces (Alberta, Saskatchewan, British Columbia, Manitoba)",
  "/wiki/Townsend's_pocket_gopher": "Northwestern US (Idaho, Oregon, Nevada, California)",
  "/wiki/Southern_pocket_gopher": "Southwestern US (Arizona, New Mexico) and Mexico",
  "/wiki/Agile_kangaroo_rat": "Southern California",
  "/wiki/California_kangaroo_rat": "Northern California and southern Oregon",
  "/wiki/Gulf_Coast_kangaroo_rat": "Southeastern Texas and coastal islands",
  "/wiki/Desert_kangaroo_rat": "Southwestern US deserts (Death Valley, Great Basin, Mojave, Sonoran)",
  "/wiki/Texas_kangaroo_rat": "North-central Texas and Oklahoma",
  "/wiki/Heermann's_kangaroo_rat": "California, from Lake Tahoe to Point Conception",
  "/wiki/Dipodomys_heermanni_morroensis": "Central Coast of California",
  "/wiki/Giant_kangaroo_rat": "Central California (San Joaquin Valley region)",
  "/wiki/Merriam's_kangaroo_rat": "Southwestern US, Baja California, northern Mexico",
  "/wiki/Dipodomys_merriami_parvus": "Southern California (San Bernardino and Riverside counties)",
  "/wiki/Chisel-toothed_kangaroo_rat": "Great Basin and High Desert (Nevada, Utah, California, Oregon, Arizona, Idaho)",
  "/wiki/Fresno_kangaroo_rat": "San Joaquin Valley, California",
  "/wiki/Tipton_kangaroo_rat": "Central California (Kern and Tulare Counties)",
  "/wiki/Ord's_kangaroo_rat": "Great Plains and Great Basin, from southern Canada to central Mexico",
  "/wiki/Panamint_kangaroo_rat": "Eastern California and western Nevada (Mojave Desert)",
  "/wiki/Banner-tailed_kangaroo_rat": "Southwestern US (Arizona, New Mexico, Texas) and Mexico",
  "/wiki/Stephens'_kangaroo_rat": "Southern California, primarily western Riverside County",
  "/wiki/Dulzura_kangaroo_rat": "Southern California, Colorado Desert, and northwestern Mexico (Baja California)",
  "/wiki/Narrow-faced_kangaroo_rat": "West-central California coastal mountains",
  "/wiki/Big-eared_kangaroo_rat": "Central California (San Benito and Monterey counties)",
  "/wiki/Dark_kangaroo_mouse": "Western US (Oregon, California, Nevada, Idaho, Utah)",
  "/wiki/Pale_kangaroo_mouse": "Central Nevada and eastern California deserts",
  "/wiki/Mexican_spiny_pocket_mouse": "Southern Texas and Mexico",
  "/wiki/Bailey's_pocket_mouse": "Southwestern US (California, Arizona, New Mexico) and Northwestern Mexico",
  "/wiki/California_pocket_mouse": "California and Northern Baja California",
  "/wiki/Nelson's_pocket_mouse": "Western Texas, southeastern New Mexico, central and northern Mexico",
  "/wiki/Chihuahuan_pocket_mouse": "Southwestern US (Texas, New Mexico) and Mexico",
  "/wiki/San_Diego_pocket_mouse": "Southern California and northern Baja California",
  "/wiki/Long-tailed_pocket_mouse": "Southwestern US (Arizona, California, Nevada, Utah) and Baja California",
  "/wiki/Hispid_pocket_mouse": "Great Plains from North Dakota to central Mexico",
  "/wiki/Rock_pocket_mouse": "Southwestern United States and Mexico",
  "/wiki/Desert_pocket_mouse": "Southwestern US and northern Mexico",
  "/wiki/Baja_pocket_mouse": "Southern California, Baja California, Gulf of California islands",
  "/wiki/Spiny_pocket_mouse": "Southwestern US (Arizona, California, Nevada) and Baja California",
  "/wiki/White-eared_pocket_mouse": "Southern California mountains",
  "/wiki/Arizona_pocket_mouse": "Sonoran Desert (Arizona)",
  "/wiki/Olive-backed_pocket_mouse": "Central Great Plains (Canada to Colorado)",
  "/wiki/Plains_pocket_mouse": "Great Plains and Southwest, from Minnesota and North Dakota to Texas and northern Mexico",
  "/wiki/Silky_pocket_mouse": "Southwest US and northern/central Mexico",
  "/wiki/San_Joaquin_pocket_mouse": "California (Central Valley, Sierra Nevada foothills, Mojave Desert)",
  "/wiki/Little_pocket_mouse": "Southwestern US (Arizona, California, Idaho, Nevada, Oregon, Utah), Baja California, and Sonora",
  "/wiki/Perognathus_longimembris_pacificus": "Southern California coast",
  "/wiki/Merriam's_pocket_mouse": "Southwest US and Northeast Mexico",
  "/wiki/Great_Basin_pocket_mouse": "Great Basin, Pacific Northwest, and adjacent western US from British Columbia to Arizona",
  "/wiki/Woodland_jumping_mouse": "Northeastern North America",
  "/wiki/Meadow_jumping_mouse": "Continental US from Atlantic coast to Great Plains, Canada to Alaska south to Georgia, Alabama, Arizona, and New Mexico"
}